﻿[
    {
        "Вуз": "РХТУ им. Д. И. Менделеева",
        "Общая оценка вуза": "8.5",
        "Состояние и оснащение корпусов вуза": "5.6",
        "Удобство расположения корпусов вуза": "6.19",
        "Качество образования": "7.2",
        "Качество работы административного аппарата": "5.4",
        "Дополнительные активности в вузе": "6.5",
        "Качество общепита": "6.72",
        "Средняя стоимость обеда в столовой": "235",
        "Средние затраты на дорогу в месяц": "1618"
    },
    {
        "Вуз": "МТУСИ",
        "Общая оценка вуза": "8.7",
        "Состояние и оснащение корпусов вуза": "6.08",
        "Удобство расположения корпусов вуза": "7.48",
        "Качество образования": "7.04",
        "Качество работы административного аппарата": "7.56",
        "Дополнительные активности в вузе": "8.29",
        "Качество общепита": "8.33",
        "Средняя стоимость обеда в столовой": "255",
        "Средние затраты на дорогу в месяц": "885"
    },
    {
        "Вуз": "СПбГУТ",
        "Общая оценка вуза": "6.3",
        "Состояние и оснащение корпусов вуза": "8.61",
        "Удобство расположения корпусов вуза": "7.61",
        "Качество образования": "5.78",
        "Качество работы административного аппарата": "5.82",
        "Дополнительные активности в вузе": "7.82",
        "Качество общепита": "7.39",
        "Средняя стоимость обеда в столовой": "193",
        "Средние затраты на дорогу в месяц": "979"
    },
    {
        "Вуз": "УрФУ",
        "Общая оценка вуза": "8.6",
        "Состояние и оснащение корпусов вуза": "6.57",
        "Удобство расположения корпусов вуза": "6.79",
        "Качество образования": "5.97",
        "Качество работы административного аппарата": "5.43",
        "Дополнительные активности в вузе": "7.13",
        "Качество общепита": "6.55",
        "Средняя стоимость обеда в столовой": "193",
        "Средние затраты на дорогу в месяц": "1587"
    },
    {
        "Вуз": "МГТУ им. Баумана",
        "Общая оценка вуза": "8.5",
        "Состояние и оснащение корпусов вуза": "7",
        "Удобство расположения корпусов вуза": "7.63",
        "Качество образования": "6.61",
        "Качество работы административного аппарата": "5.94",
        "Дополнительные активности в вузе": "7.27",
        "Качество общепита": "6.62",
        "Средняя стоимость обеда в столовой": "260",
        "Средние затраты на дорогу в месяц": "832"
    },
    {
        "Вуз": "СПбПУ им Петра Великого",
        "Общая оценка вуза": "6.1",
        "Состояние и оснащение корпусов вуза": "6.33",
        "Удобство расположения корпусов вуза": "7.4",
        "Качество образования": "5.17",
        "Качество работы административного аппарата": "4.83",
        "Дополнительные активности в вузе": "6.53",
        "Качество общепита": "5.95",
        "Средняя стоимость обеда в столовой": "233",
        "Средние затраты на дорогу в месяц": "859"
    },
    {
        "Вуз": "РТУ МИРЭА",
        "Общая оценка вуза": "8.7",
        "Состояние и оснащение корпусов вуза": "7.16",
        "Удобство расположения корпусов вуза": "7.14",
        "Качество образования": "6.41",
        "Качество работы административного аппарата": "6.09",
        "Дополнительные активности в вузе": "7.26",
        "Качество общепита": "7.67",
        "Средняя стоимость обеда в столовой": "231",
        "Средние затраты на дорогу в месяц": "748"
    },
    {
        "Вуз": "КФУ",
        "Общая оценка вуза": "5.2",
        "Состояние и оснащение корпусов вуза": "6.25",
        "Удобство расположения корпусов вуза": "6.17",
        "Качество образования": "4.4",
        "Качество работы административного аппарата": "4.47",
        "Дополнительные активности в вузе": "5.96",
        "Качество общепита": "4.76",
        "Средняя стоимость обеда в столовой": "255",
        "Средние затраты на дорогу в месяц": "1922"
    },
    {
        "Вуз": "НИУ ВШЭ",
        "Общая оценка вуза": "7.8",
        "Состояние и оснащение корпусов вуза": "7.7",
        "Удобство расположения корпусов вуза": "6.95",
        "Качество образования": "5.88",
        "Качество работы административного аппарата": "5.98",
        "Дополнительные активности в вузе": "7.29",
        "Качество общепита": "6.83",
        "Средняя стоимость обеда в столовой": "227",
        "Средние затраты на дорогу в месяц": "958"
    },
    {
        "Вуз": "ФУ при Правительстве РФ",
        "Общая оценка вуза": "8.4",
        "Состояние и оснащение корпусов вуза": "8.5",
        "Удобство расположения корпусов вуза": "8.07",
        "Качество образования": "6.55",
        "Качество работы административного аппарата": "5.89",
        "Дополнительные активности в вузе": "7.36",
        "Качество общепита": "6.29",
        "Средняя стоимость обеда в столовой": "241",
        "Средние затраты на дорогу в месяц": "914"
    },
    {
        "Вуз": "ЮФУ",
        "Общая оценка вуза": "Оценка отсутствует",
        "Состояние и оснащение корпусов вуза": "6.92",
        "Удобство расположения корпусов вуза": "8.62",
        "Качество образования": "7.42",
        "Качество работы административного аппарата": "6.08",
        "Дополнительные активности в вузе": "6.69",
        "Качество общепита": "6.15",
        "Средняя стоимость обеда в столовой": "200",
        "Средние затраты на дорогу в месяц": "1300"
    },
    {
        "Вуз": "МАИ",
        "Общая оценка вуза": "8.1",
        "Состояние и оснащение корпусов вуза": "4.93",
        "Удобство расположения корпусов вуза": "6.37",
        "Качество образования": "4.74",
        "Качество работы административного аппарата": "3.81",
        "Дополнительные активности в вузе": "5.87",
        "Качество общепита": "5.76",
        "Средняя стоимость обеда в столовой": "260",
        "Средние затраты на дорогу в месяц": "841"
    },
    {
        "Вуз": "ДВФУ",
        "Общая оценка вуза": "7",
        "Состояние и оснащение корпусов вуза": "8.07",
        "Удобство расположения корпусов вуза": "7.48",
        "Качество образования": "6.76",
        "Качество работы административного аппарата": "5.85",
        "Дополнительные активности в вузе": "8.33",
        "Качество общепита": "7.33",
        "Средняя стоимость обеда в столовой": "214",
        "Средние затраты на дорогу в месяц": "1452"
    },
    {
        "Вуз": "СПбГУ",
        "Общая оценка вуза": "8.3",
        "Состояние и оснащение корпусов вуза": "6.25",
        "Удобство расположения корпусов вуза": "6.15",
        "Качество образования": "6.49",
        "Качество работы административного аппарата": "5.82",
        "Дополнительные активности в вузе": "6.05",
        "Качество общепита": "5.97",
        "Средняя стоимость обеда в столовой": "230",
        "Средние затраты на дорогу в месяц": "1666"
    },
    {
        "Вуз": "Московский Политех",
        "Общая оценка вуза": "5.5",
        "Состояние и оснащение корпусов вуза": "4.77",
        "Удобство расположения корпусов вуза": "6.05",
        "Качество образования": "4.36",
        "Качество работы административного аппарата": "5.36",
        "Дополнительные активности в вузе": "6.68",
        "Качество общепита": "5.05",
        "Средняя стоимость обеда в столовой": "244",
        "Средние затраты на дорогу в месяц": "1159"
    },
    {
        "Вуз": "МЭИ",
        "Общая оценка вуза": "7",
        "Состояние и оснащение корпусов вуза": "7.13",
        "Удобство расположения корпусов вуза": "8.15",
        "Качество образования": "5.89",
        "Качество работы административного аппарата": "5.85",
        "Дополнительные активности в вузе": "6.59",
        "Качество общепита": "6.58",
        "Средняя стоимость обеда в столовой": "228",
        "Средние затраты на дорогу в месяц": "1365"
    },
    {
        "Вуз": "МГМУ им. Сеченова",
        "Общая оценка вуза": "8.2",
        "Состояние и оснащение корпусов вуза": "6.68",
        "Удобство расположения корпусов вуза": "4.54",
        "Качество образования": "5.21",
        "Качество работы административного аппарата": "4.35",
        "Дополнительные активности в вузе": "6.44",
        "Качество общепита": "5.83",
        "Средняя стоимость обеда в столовой": "300",
        "Средние затраты на дорогу в месяц": "1956"
    },
    {
        "Вуз": "МГПУ",
        "Общая оценка вуза": "8.4",
        "Состояние и оснащение корпусов вуза": "6.96",
        "Удобство расположения корпусов вуза": "6.39",
        "Качество образования": "6.18",
        "Качество работы административного аппарата": "6.04",
        "Дополнительные активности в вузе": "7.25",
        "Качество общепита": "4.8",
        "Средняя стоимость обеда в столовой": "289",
        "Средние затраты на дорогу в месяц": "1281"
    },
    {
        "Вуз": "РГАУ-МСХА имени К. А. Тимирязева",
        "Общая оценка вуза": "Оценка отсутствует",
        "Состояние и оснащение корпусов вуза": "7.1",
        "Удобство расположения корпусов вуза": "8.29",
        "Качество образования": "7.95",
        "Качество работы административного аппарата": "7.52",
        "Дополнительные активности в вузе": "9.19",
        "Качество общепита": "8.24",
        "Средняя стоимость обеда в столовой": "248",
        "Средние затраты на дорогу в месяц": "1344"
    },
    {
        "Вуз": "ИТМО",
        "Общая оценка вуза": "6.4",
        "Состояние и оснащение корпусов вуза": "6.68",
        "Удобство расположения корпусов вуза": "7.18",
        "Качество образования": "4",
        "Качество работы административного аппарата": "4.77",
        "Дополнительные активности в вузе": "7.38",
        "Качество общепита": "7.36",
        "Средняя стоимость обеда в столовой": "249",
        "Средние затраты на дорогу в месяц": "1334"
    },
    {
        "Вуз": "СПбГЭТУ «ЛЭТИ»",
        "Общая оценка вуза": "8.2",
        "Состояние и оснащение корпусов вуза": "5.92",
        "Удобство расположения корпусов вуза": "7.92",
        "Качество образования": "6.73",
        "Качество работы административного аппарата": "5.81",
        "Дополнительные активности в вузе": "6.67",
        "Качество общепита": "7",
        "Средняя стоимость обеда в столовой": "199",
        "Средние затраты на дорогу в месяц": "1443"
    },
    {
        "Вуз": "РГПУ им. Герцена",
        "Общая оценка вуза": "7.1",
        "Состояние и оснащение корпусов вуза": "5.42",
        "Удобство расположения корпусов вуза": "7.91",
        "Качество образования": "6.51",
        "Качество работы административного аппарата": "5.48",
        "Дополнительные активности в вузе": "6.14",
        "Качество общепита": "5.84",
        "Средняя стоимость обеда в столовой": "252",
        "Средние затраты на дорогу в месяц": "1136"
    },
    {
        "Вуз": "МПГУ",
        "Общая оценка вуза": "5.2",
        "Состояние и оснащение корпусов вуза": "4.97",
        "Удобство расположения корпусов вуза": "6.16",
        "Качество образования": "4.27",
        "Качество работы административного аппарата": "3.8",
        "Дополнительные активности в вузе": "4.68",
        "Качество общепита": "5.17",
        "Средняя стоимость обеда в столовой": "254",
        "Средние затраты на дорогу в месяц": "1574"
    },
    {
        "Вуз": "Горный университет (СПГУ)",
        "Общая оценка вуза": "9.2",
        "Состояние и оснащение корпусов вуза": "9.26",
        "Удобство расположения корпусов вуза": "7.96",
        "Качество образования": "7.17",
        "Качество работы административного аппарата": "6.7",
        "Дополнительные активности в вузе": "8.22",
        "Качество общепита": "8.17",
        "Средняя стоимость обеда в столовой": "229",
        "Средние затраты на дорогу в месяц": "1383"
    },
    {
        "Вуз": "РНИМУ им. Пирогова",
        "Общая оценка вуза": "7.2",
        "Состояние и оснащение корпусов вуза": "6.1",
        "Удобство расположения корпусов вуза": "8.13",
        "Качество образования": "5.6",
        "Качество работы административного аппарата": "5.79",
        "Дополнительные активности в вузе": "6.97",
        "Качество общепита": "7.55",
        "Средняя стоимость обеда в столовой": "269",
        "Средние затраты на дорогу в месяц": "719"
    },
    {
        "Вуз": "НИЯУ МИФИ",
        "Общая оценка вуза": "8.7",
        "Состояние и оснащение корпусов вуза": "7.51",
        "Удобство расположения корпусов вуза": "8.89",
        "Качество образования": "7.46",
        "Качество работы административного аппарата": "7.44",
        "Дополнительные активности в вузе": "7.67",
        "Качество общепита": "7.14",
        "Средняя стоимость обеда в столовой": "245",
        "Средние затраты на дорогу в месяц": "1223"
    },
    {
        "Вуз": "МФТИ",
        "Общая оценка вуза": "7.9",
        "Состояние и оснащение корпусов вуза": "7.67",
        "Удобство расположения корпусов вуза": "8.27",
        "Качество образования": "6.82",
        "Качество работы административного аппарата": "6.64",
        "Дополнительные активности в вузе": "8.42",
        "Качество общепита": "6.91",
        "Средняя стоимость обеда в столовой": "238",
        "Средние затраты на дорогу в месяц": "1126"
    },
    {
        "Вуз": "РУДН",
        "Общая оценка вуза": "4.9",
        "Состояние и оснащение корпусов вуза": "7.52",
        "Удобство расположения корпусов вуза": "7.47",
        "Качество образования": "6.11",
        "Качество работы административного аппарата": "5.41",
        "Дополнительные активности в вузе": "6.72",
        "Качество общепита": "7.08",
        "Средняя стоимость обеда в столовой": "281",
        "Средние затраты на дорогу в месяц": "1442"
    },
    {
        "Вуз": "МГЮА им. Кутафина",
        "Общая оценка вуза": "8.4",
        "Состояние и оснащение корпусов вуза": "6.69",
        "Удобство расположения корпусов вуза": "6.44",
        "Качество образования": "7",
        "Качество работы административного аппарата": "4.85",
        "Дополнительные активности в вузе": "6.62",
        "Качество общепита": "6.29",
        "Средняя стоимость обеда в столовой": "305",
        "Средние затраты на дорогу в месяц": "741"
    },
    {
        "Вуз": "СевГУ",
        "Общая оценка вуза": "6.5",
        "Состояние и оснащение корпусов вуза": "5.54",
        "Удобство расположения корпусов вуза": "5.73",
        "Качество образования": "6.92",
        "Качество работы административного аппарата": "6.13",
        "Дополнительные активности в вузе": "7.26",
        "Качество общепита": "6.42",
        "Средняя стоимость обеда в столовой": "213",
        "Средние затраты на дорогу в месяц": "2092"
    },
    {
        "Вуз": "НГУ",
        "Общая оценка вуза": "2.9",
        "Состояние и оснащение корпусов вуза": "8.43",
        "Удобство расположения корпусов вуза": "8.8",
        "Качество образования": "5.63",
        "Качество работы административного аппарата": "5.03",
        "Дополнительные активности в вузе": "6.55",
        "Качество общепита": "7.43",
        "Средняя стоимость обеда в столовой": "240",
        "Средние затраты на дорогу в месяц": "1160"
    },
    {
        "Вуз": "РОСБИОТЕХ",
        "Общая оценка вуза": "2",
        "Состояние и оснащение корпусов вуза": "6.27",
        "Удобство расположения корпусов вуза": "6.86",
        "Качество образования": "5.82",
        "Качество работы административного аппарата": "5.59",
        "Дополнительные активности в вузе": "6.81",
        "Качество общепита": "6",
        "Средняя стоимость обеда в столовой": "265",
        "Средние затраты на дорогу в месяц": "1107"
    },
    {
        "Вуз": "РГГУ",
        "Общая оценка вуза": "7",
        "Состояние и оснащение корпусов вуза": "6.7",
        "Удобство расположения корпусов вуза": "8.69",
        "Качество образования": "7.71",
        "Качество работы административного аппарата": "6.5",
        "Дополнительные активности в вузе": "7.78",
        "Качество общепита": "7.54",
        "Средняя стоимость обеда в столовой": "236",
        "Средние затраты на дорогу в месяц": "994"
    },
    {
        "Вуз": "СПбГУПТД",
        "Общая оценка вуза": "4"
    },
    {
        "Вуз": "РЭУ им. Г.В. Плеханова",
        "Общая оценка вуза": "6.5",
        "Состояние и оснащение корпусов вуза": "8.75",
        "Удобство расположения корпусов вуза": "8.54",
        "Качество образования": "5.18",
        "Качество работы административного аппарата": "4.94",
        "Дополнительные активности в вузе": "7.27",
        "Качество общепита": "6.79",
        "Средняя стоимость обеда в столовой": "288",
        "Средние затраты на дорогу в месяц": "628"
    },
    {
        "Вуз": "МГТУ «СТАНКИН»",
        "Общая оценка вуза": "9.1",
        "Состояние и оснащение корпусов вуза": "7.08",
        "Удобство расположения корпусов вуза": "7.67",
        "Качество образования": "7.25",
        "Качество работы административного аппарата": "7.67",
        "Дополнительные активности в вузе": "7.67",
        "Качество общепита": "6.9",
        "Средняя стоимость обеда в столовой": "220",
        "Средние затраты на дорогу в месяц": "638"
    },
    {
        "Вуз": "МГЛУ",
        "Общая оценка вуза": "8.3",
        "Состояние и оснащение корпусов вуза": "4.71",
        "Удобство расположения корпусов вуза": "5.77",
        "Качество образования": "6.46",
        "Качество работы административного аппарата": "4.29",
        "Дополнительные активности в вузе": "4.71",
        "Качество общепита": "5.37",
        "Средняя стоимость обеда в столовой": "272",
        "Средние затраты на дорогу в месяц": "1103"
    },
    {
        "Вуз": "РАНХиГС",
        "Общая оценка вуза": "8.7",
        "Состояние и оснащение корпусов вуза": "7.92",
        "Удобство расположения корпусов вуза": "7.78",
        "Качество образования": "7.2",
        "Качество работы административного аппарата": "6.56",
        "Дополнительные активности в вузе": "8.25",
        "Качество общепита": "7.04",
        "Средняя стоимость обеда в столовой": "311",
        "Средние затраты на дорогу в месяц": "1244"
    },
    {
        "Вуз": "БГТУ им. Д. Ф. Устинова (Военмех)",
        "Общая оценка вуза": "9.9",
        "Состояние и оснащение корпусов вуза": "8.06",
        "Удобство расположения корпусов вуза": "9.13",
        "Качество образования": "8.31",
        "Качество работы административного аппарата": "8.94",
        "Дополнительные активности в вузе": "8.19",
        "Качество общепита": "7.13",
        "Средняя стоимость обеда в столовой": "246",
        "Средние затраты на дорогу в месяц": "759"
    },
    {
        "Вуз": "МГОУ",
        "Общая оценка вуза": "5.1",
        "Состояние и оснащение корпусов вуза": "5.54",
        "Удобство расположения корпусов вуза": "6.08",
        "Качество образования": "5.88",
        "Качество работы административного аппарата": "5.2",
        "Дополнительные активности в вузе": "5.79",
        "Качество общепита": "5.42",
        "Средняя стоимость обеда в столовой": "298",
        "Средние затраты на дорогу в месяц": "1985"
    },
    {
        "Вуз": "СПбГМТУ",
        "Общая оценка вуза": "Оценка отсутствует",
        "Состояние и оснащение корпусов вуза": "8.85",
        "Удобство расположения корпусов вуза": "9",
        "Качество образования": "9.46",
        "Качество работы административного аппарата": "9.38",
        "Дополнительные активности в вузе": "9.69",
        "Качество общепита": "9.08",
        "Средняя стоимость обеда в столовой": "313",
        "Средние затраты на дорогу в месяц": "1190"
    },
    {
        "Вуз": "СПбГАСУ",
        "Общая оценка вуза": "10",
        "Состояние и оснащение корпусов вуза": "6.91",
        "Удобство расположения корпусов вуза": "6.64",
        "Качество образования": "4.73",
        "Качество работы административного аппарата": "4.36",
        "Дополнительные активности в вузе": "5.82",
        "Качество общепита": "7.09",
        "Средняя стоимость обеда в столовой": "218",
        "Средние затраты на дорогу в месяц": "1569"
    },
    {
        "Вуз": "РГУ им. А.Н. Косыгина",
        "Общая оценка вуза": "7.3",
        "Состояние и оснащение корпусов вуза": "5.39",
        "Удобство расположения корпусов вуза": "6.29",
        "Качество образования": "5.86",
        "Качество работы административного аппарата": "5.57",
        "Дополнительные активности в вузе": "6.57",
        "Качество общепита": "5.11",
        "Средняя стоимость обеда в столовой": "250",
        "Средние затраты на дорогу в месяц": "1396"
    },
    {
        "Вуз": "НИУ ВШЭ",
        "Общая оценка вуза": "7.8",
        "Состояние и оснащение корпусов вуза": "7.7",
        "Удобство расположения корпусов вуза": "6.95",
        "Качество образования": "5.88",
        "Качество работы административного аппарата": "5.98",
        "Дополнительные активности в вузе": "7.29",
        "Качество общепита": "6.83",
        "Средняя стоимость обеда в столовой": "227",
        "Средние затраты на дорогу в месяц": "958"
    },
    {
        "Вуз": "РГСУ",
        "Общая оценка вуза": "3.3",
        "Состояние и оснащение корпусов вуза": "6.81",
        "Удобство расположения корпусов вуза": "7.35",
        "Качество образования": "6.56",
        "Качество работы административного аппарата": "6.01",
        "Дополнительные активности в вузе": "7.26",
        "Качество общепита": "7.47",
        "Средняя стоимость обеда в столовой": "216",
        "Средние затраты на дорогу в месяц": "902"
    },
    {
        "Вуз": "МИЭТ",
        "Общая оценка вуза": "9.4",
        "Состояние и оснащение корпусов вуза": "8.23",
        "Удобство расположения корпусов вуза": "9.23",
        "Качество образования": "7.15",
        "Качество работы административного аппарата": "7.31",
        "Дополнительные активности в вузе": "8.77",
        "Качество общепита": "9.08",
        "Средняя стоимость обеда в столовой": "211",
        "Средние затраты на дорогу в месяц": "552"
    },
    {
        "Вуз": "Университет МИСИС",
        "Общая оценка вуза": "8.5",
        "Состояние и оснащение корпусов вуза": "8.12",
        "Удобство расположения корпусов вуза": "8.53",
        "Качество образования": "7.5",
        "Качество работы административного аппарата": "6.59",
        "Дополнительные активности в вузе": "8.56",
        "Качество общепита": "7.13",
        "Средняя стоимость обеда в столовой": "283",
        "Средние затраты на дорогу в месяц": "1217"
    },
    {
        "Вуз": "СтГАУ",
        "Общая оценка вуза": "3.5",
        "Состояние и оснащение корпусов вуза": "7.46",
        "Удобство расположения корпусов вуза": "8.38",
        "Качество образования": "3.62",
        "Качество работы административного аппарата": "4.31",
        "Дополнительные активности в вузе": "7.64",
        "Качество общепита": "5",
        "Средняя стоимость обеда в столовой": "254",
        "Средние затраты на дорогу в месяц": "880"
    },
    {
        "Вуз": "ПСПбГМУ им. И. П. Павлова",
        "Общая оценка вуза": "9.3",
        "Состояние и оснащение корпусов вуза": "4.57",
        "Удобство расположения корпусов вуза": "7.86",
        "Качество образования": "4.71",
        "Качество работы административного аппарата": "4",
        "Дополнительные активности в вузе": "6",
        "Качество общепита": "3.08",
        "Средняя стоимость обеда в столовой": "227",
        "Средние затраты на дорогу в месяц": "1492"
    },
    {
        "Вуз": "ЛГУ им. А.С. Пушкина",
        "Общая оценка вуза": "6.7",
        "Состояние и оснащение корпусов вуза": "6",
        "Удобство расположения корпусов вуза": "4.33",
        "Качество образования": "4.77",
        "Качество работы административного аппарата": "4.07",
        "Дополнительные активности в вузе": "4.64",
        "Качество общепита": "5.93",
        "Средняя стоимость обеда в столовой": "198",
        "Средние затраты на дорогу в месяц": "1367"
    },
    {
        "Вуз": "МГИМО",
        "Общая оценка вуза": "7.8",
        "Состояние и оснащение корпусов вуза": "7.47",
        "Удобство расположения корпусов вуза": "8",
        "Качество образования": "7.18",
        "Качество работы административного аппарата": "6.35",
        "Дополнительные активности в вузе": "7.76",
        "Качество общепита": "7.69",
        "Средняя стоимость обеда в столовой": "375",
        "Средние затраты на дорогу в месяц": "1467"
    },
    {
        "Вуз": "НИУ ВШЭ",
        "Общая оценка вуза": "7.8",
        "Состояние и оснащение корпусов вуза": "7.7",
        "Удобство расположения корпусов вуза": "6.95",
        "Качество образования": "5.88",
        "Качество работы административного аппарата": "5.98",
        "Дополнительные активности в вузе": "7.29",
        "Качество общепита": "6.83",
        "Средняя стоимость обеда в столовой": "227",
        "Средние затраты на дорогу в месяц": "958"
    },
    {
        "Вуз": "МИИГАиК",
        "Общая оценка вуза": "7.1",
        "Состояние и оснащение корпусов вуза": "4.13",
        "Удобство расположения корпусов вуза": "7.06",
        "Качество образования": "3.44",
        "Качество работы административного аппарата": "4.2",
        "Дополнительные активности в вузе": "5.38",
        "Качество общепита": "5.4",
        "Средняя стоимость обеда в столовой": "321",
        "Средние затраты на дорогу в месяц": "1753"
    },
    {
        "Вуз": "МГППУ",
        "Общая оценка вуза": "9.1",
        "Состояние и оснащение корпусов вуза": "7.25",
        "Удобство расположения корпусов вуза": "6.75",
        "Качество образования": "8",
        "Качество работы административного аппарата": "6.75",
        "Дополнительные активности в вузе": "7.9",
        "Качество общепита": "6",
        "Средняя стоимость обеда в столовой": "202",
        "Средние затраты на дорогу в месяц": "1663"
    },
    {
        "Вуз": "СПбГЭУ",
        "Общая оценка вуза": "7.6",
        "Состояние и оснащение корпусов вуза": "6.56",
        "Удобство расположения корпусов вуза": "7.81",
        "Качество образования": "5.61",
        "Качество работы административного аппарата": "6.07",
        "Дополнительные активности в вузе": "6.58",
        "Качество общепита": "5.8",
        "Средняя стоимость обеда в столовой": "239",
        "Средние затраты на дорогу в месяц": "1085"
    },
    {
        "Вуз": "ГУУ",
        "Общая оценка вуза": "8.2",
        "Состояние и оснащение корпусов вуза": "5.98",
        "Удобство расположения корпусов вуза": "7.64",
        "Качество образования": "4",
        "Качество работы административного аппарата": "5",
        "Дополнительные активности в вузе": "6.89",
        "Качество общепита": "5.91",
        "Средняя стоимость обеда в столовой": "248",
        "Средние затраты на дорогу в месяц": "1458"
    },
    {
        "Вуз": "РГГМУ",
        "Общая оценка вуза": "Оценка отсутствует",
        "Состояние и оснащение корпусов вуза": "7.38",
        "Удобство расположения корпусов вуза": "8.38",
        "Качество образования": "8.6",
        "Качество работы административного аппарата": "8.31",
        "Дополнительные активности в вузе": "9.41",
        "Качество общепита": "8.33",
        "Средняя стоимость обеда в столовой": "191",
        "Средние затраты на дорогу в месяц": "1162"
    },
    {
        "Вуз": "ВАВТ Минэкономразвития России",
        "Общая оценка вуза": "7.2",
        "Состояние и оснащение корпусов вуза": "7.18",
        "Удобство расположения корпусов вуза": "5.65",
        "Качество образования": "6",
        "Качество работы административного аппарата": "5.3",
        "Дополнительные активности в вузе": "5.5",
        "Качество общепита": "5.81",
        "Средняя стоимость обеда в столовой": "304",
        "Средние затраты на дорогу в месяц": "1673"
    },
    {
        "Вуз": "РТА",
        "Общая оценка вуза": "6.1",
        "Состояние и оснащение корпусов вуза": "8.56",
        "Удобство расположения корпусов вуза": "7.94",
        "Качество образования": "5.47",
        "Качество работы административного аппарата": "4.8",
        "Дополнительные активности в вузе": "6.5",
        "Качество общепита": "4.86",
        "Средняя стоимость обеда в столовой": "310",
        "Средние затраты на дорогу в месяц": "2133"
    },
    {
        "Вуз": "Орловский ГАУ",
        "Общая оценка вуза": "Оценка отсутствует",
        "Состояние и оснащение корпусов вуза": "9.33",
        "Удобство расположения корпусов вуза": "9.15",
        "Качество образования": "9.53",
        "Качество работы административного аппарата": "9.31",
        "Дополнительные активности в вузе": "9.71",
        "Качество общепита": "9.44",
        "Средняя стоимость обеда в столовой": "228",
        "Средние затраты на дорогу в месяц": "960"
    },
    {
        "Вуз": "РАНХиГС",
        "Общая оценка вуза": "8.7",
        "Состояние и оснащение корпусов вуза": "7.92",
        "Удобство расположения корпусов вуза": "7.78",
        "Качество образования": "7.2",
        "Качество работы административного аппарата": "6.56",
        "Дополнительные активности в вузе": "8.25",
        "Качество общепита": "7.04",
        "Средняя стоимость обеда в столовой": "311",
        "Средние затраты на дорогу в месяц": "1244"
    },
    {
        "Вуз": "РГУТИС",
        "Общая оценка вуза": "5.7",
        "Состояние и оснащение корпусов вуза": "5.81",
        "Удобство расположения корпусов вуза": "5.67",
        "Качество образования": "3.56",
        "Качество работы административного аппарата": "5.06",
        "Дополнительные активности в вузе": "6.38",
        "Качество общепита": "5.08",
        "Средняя стоимость обеда в столовой": "167",
        "Средние затраты на дорогу в месяц": "502"
    },
    {
        "Вуз": "РГУП",
        "Общая оценка вуза": "7.3",
        "Состояние и оснащение корпусов вуза": "6.61",
        "Удобство расположения корпусов вуза": "7.03",
        "Качество образования": "6.66",
        "Качество работы административного аппарата": "4.84",
        "Дополнительные активности в вузе": "6.8",
        "Качество общепита": "6.65",
        "Средняя стоимость обеда в столовой": "199",
        "Средние затраты на дорогу в месяц": "1880"
    },
    {
        "Вуз": "ГАУГН",
        "Общая оценка вуза": "9",
        "Состояние и оснащение корпусов вуза": "6.42",
        "Удобство расположения корпусов вуза": "8.14",
        "Качество образования": "7.59",
        "Качество работы административного аппарата": "6.65",
        "Дополнительные активности в вузе": "7.16",
        "Качество общепита": "5.28",
        "Средняя стоимость обеда в столовой": "275",
        "Средние затраты на дорогу в месяц": "893"
    },
    {
        "Вуз": "ВГУЮ",
        "Общая оценка вуза": "5.2",
        "Состояние и оснащение корпусов вуза": "6.38",
        "Удобство расположения корпусов вуза": "4.6",
        "Качество образования": "6.13",
        "Качество работы административного аппарата": "4.4",
        "Дополнительные активности в вузе": "4.71",
        "Качество общепита": "3.79",
        "Средняя стоимость обеда в столовой": "257",
        "Средние затраты на дорогу в месяц": "1486"
    },
    {
        "Вуз": "МГУ им. Ломоносова",
        "Общая оценка вуза": "7.1",
        "Состояние и оснащение корпусов вуза": "6.49",
        "Удобство расположения корпусов вуза": "8.17",
        "Качество образования": "6.89",
        "Качество работы административного аппарата": "5.85",
        "Дополнительные активности в вузе": "7.18",
        "Качество общепита": "7.81",
        "Средняя стоимость обеда в столовой": "232",
        "Средние затраты на дорогу в месяц": "1079"
    }
]